<?xml version="1.0" encoding="UTF-8"?>
<!DOCTYPE fontscolors PUBLIC "-//NetBeans//DTD Editor Fonts and Colors settings 1.1//EN" "http://www.netbeans.org/dtds/EditorFontsColors-1_1.dtd">
<fontscolors>
    <fontcolor bgColor="ffffffcc" foreColor="black" name="mark-occurrences"/>
    <fontcolor foreColor="ffce9944" name="identifier"/>
    <fontcolor default="field" foreColor="ffbababa" name="markup-attribute"/>
    <fontcolor default="identifier" foreColor="ffffae47" name="method"/>
    <fontcolor foreColor="ffe0da88" name="string"/>
    <fontcolor default="keyword" foreColor="ffe8bf6a" name="markup-element"/>
    <fontcolor default="string" foreColor="ffa5c261" name="markup-attribute-value"/>
    <fontcolor name="error" waveUnderlined="ff9e2927"/>
    <fontcolor default="default" name="entity-reference"/>
    <fontcolor foreColor="white" name="separator"/>
    <fontcolor foreColor="ffff4791" name="operator"/>
    <fontcolor foreColor="ff287bde" name="url" underline="ff287bde"/>
    <fontcolor foreColor="ff8c70df" name="number">
        <font style="bold"/>
    </fontcolor>
    <fontcolor bgColor="ff0f0f0f" foreColor="white" name="default">
        <font name="Consolas" size="18"/>
    </fontcolor>
    <fontcolor default="identifier" foreColor="ff9876aa" name="field"/>
    <fontcolor name="char"/>
    <fontcolor name="warning" waveUnderlined="ff52503a"/>
    <fontcolor foreColor="ff515151" name="comment">
        <font style="italic"/>
    </fontcolor>
    <fontcolor foreColor="ffff4791" name="keyword"/>
    <fontcolor foreColor="ff505050" name="whitespace"/>
</fontscolors>
