<?xml version="1.0" encoding="UTF-8"?>
<!DOCTYPE fontscolors PUBLIC "-//NetBeans//DTD Editor Fonts and Colors settings 1.1//EN" "http://www.netbeans.org/dtds/EditorFontsColors-1_1.dtd">
<fontscolors>
    <fontcolor default="identifier" foreColor="ff6d3206" name="reference"/>
    <fontcolor default="number" foreColor="ffb20000" name="number"/>
    <fontcolor default="separator" name="valuedblock"/>
    <fontcolor default="string" foreColor="ffee7700" name="string"/>
    <fontcolor default="identifier" foreColor="ff9933cc" name="variable"/>
    <fontcolor default="valuedblock" foreColor="ff509a05" name="block">
        <font style="bold"/>
    </fontcolor>
    <fontcolor default="comment" name="comment"/>
    <fontcolor default="separator" foreColor="red" name="interpunction"/>
    <fontcolor default="error" name="error"/>
    <fontcolor default="keyword" name="keyword"/>
    <fontcolor default="whitespace" name="whitespace"/>
    <fontcolor default="identifier" name="literal"/>
</fontscolors>
