<?xml version="1.0" encoding="UTF-8"?>
<!DOCTYPE fontscolors PUBLIC "-//NetBeans//DTD Editor Fonts and Colors settings 1.1//EN" "http://www.netbeans.org/dtds/EditorFontsColors-1_1.dtd">
<fontscolors>
    <fontcolor default="identifier" foreColor="ffccffcc" name="identifier"/>
    <fontcolor default="field" foreColor="ffccffcc" name="mod-field">
        <font style="italic"/>
    </fontcolor>
    <fontcolor default="comment" foreColor="ff9876aa" name="COMMENT_HTML">
        <font style="bold"/>
    </fontcolor>
    <fontcolor default="number" foreColor="ff99ff66" name="constant"/>
    <fontcolor default="string" foreColor="ff91cc36" name="string">
        <font style="italic"/>
    </fontcolor>
    <fontcolor foreColor="ff99ff66" name="mod-global">
        <font style="bold"/>
    </fontcolor>
    <fontcolor name="mod-class"/>
    <fontcolor foreColor="ff66cc00" name="mod-method">
        <font style="bold+italic"/>
    </fontcolor>
    <fontcolor default="comment" name="comment-line"/>
    <fontcolor name="mod-unused" waveUnderlined="ff999999"/>
    <fontcolor default="error" name="error"/>
    <fontcolor default="separator" foreColor="ffccffcc" name="separator"/>
    <fontcolor default="comment" name="COMMENT"/>
    <fontcolor default="operator" foreColor="green" name="operator"/>
    <fontcolor default="identifier" name="mod-local-variable-declaration">
        <font style="bold"/>
    </fontcolor>
    <fontcolor default="regexp" foreColor="ff91cc36" name="mod-regexp"/>
    <fontcolor default="keyword" name="mod-custom2"/>
    <fontcolor foreColor="ff666666" name="mod-custom1"/>
    <fontcolor default="comment" foreColor="ff9876aa" name="COMMENT_KEYWORD">
        <font style="bold"/>
    </fontcolor>
    <fontcolor default="keyword" foreColor="green" name="keyword">
        <font style="bold"/>
    </fontcolor>
    <fontcolor default="whitespace" name="whitespace"/>
    <fontcolor default="identifier" name="mod-local-variable">
        <font style="bold"/>
    </fontcolor>
</fontscolors>
