<?xml version="1.0" encoding="UTF-8"?>
<!DOCTYPE fontscolors PUBLIC "-//NetBeans//DTD Editor Fonts and Colors settings 1.1//EN" "http://www.netbeans.org/dtds/EditorFontsColors-1_1.dtd">
<fontscolors>
    <fontcolor default="comment" name="block-comment"/>
    <fontcolor default="markup-attribute" foreColor="ff48aade" name="argument"/>
    <fontcolor name="mod-method">
        <font style="bold"/>
    </fontcolor>
    <fontcolor name="mod-class" waveUnderlined="red"/>
    <fontcolor default="default" name="el-delimiter"/>
    <fontcolor default="error" name="error"/>
    <fontcolor bgColor="ff0a140a" default="default" name="javascript-embedded"/>
    <fontcolor default="argument" name="operator"/>
    <fontcolor default="entity-reference" foreColor="ffff4791" name="character">
        <font style="bold+italic"/>
    </fontcolor>
    <fontcolor default="comment" name="sgml-comment"/>
    <fontcolor default="default" foreColor="ff48aade" name="sgml-declaration"/>
    <fontcolor default="default" foreColor="black" name="el-content"/>
    <fontcolor default="default" name="xml-pi"/>
    <fontcolor default="markup-element" foreColor="ffca61df" name="tag"/>
    <fontcolor default="default" foreColor="lightGray" name="text"/>
    <fontcolor default="whitespace" name="ws"/>
    <fontcolor default="markup-attribute" name="mod-constructor">
        <font style="bold"/>
    </fontcolor>
    <fontcolor default="markup-attribute-value" foreColor="ffc96325" name="value"/>
    <fontcolor bgColor="ff140014" default="default" name="css-embedded"/>
</fontscolors>
