<?xml version="1.0" encoding="UTF-8"?>
<!DOCTYPE fontscolors PUBLIC "-//NetBeans//DTD Editor Fonts and Colors settings 1.1//EN" "http://www.netbeans.org/dtds/EditorFontsColors-1_1.dtd">
<fontscolors>
    <fontcolor default="constant" name="constant">
        <font style="italic"/>
    </fontcolor>
    <fontcolor default="string" name="string"/>
    <fontcolor foreColor="ff91cc36" name="mod-class"/>
    <fontcolor name="mod-unused" waveUnderlined="ff999999"/>
    <fontcolor default="operator" foreColor="ffff4791" name="operator">
        <font style="bold"/>
    </fontcolor>
    <fontcolor default="number" foreColor="ff8c70df" name="number">
        <font style="bold"/>
    </fontcolor>
    <fontcolor default="separator" foreColor="white" name="phpopenclose"/>
    <fontcolor bgColor="white" foreColor="black" name="mod-deprecated" strikeThrough="black"/>
    <fontcolor default="method" name="mod-custom1">
        <font style="bold"/>
    </fontcolor>
    <fontcolor default="comment" name="mod-annotation-type">
        <font style="bold"/>
    </fontcolor>
    <fontcolor default="inferred" name="inferred"/>
    <fontcolor default="comment" foreColor="ff9876aa" name="phpdockeyword">
        <font style="bold"/>
    </fontcolor>
    <fontcolor default="keyword" name="keyword">
        <font style="bold"/>
    </fontcolor>
    <fontcolor default="identifier" foreColor="white" name="identifier">
        <font style="bold"/>
    </fontcolor>
    <fontcolor default="field" name="mod-field"/>
    <fontcolor default="comment" foreColor="ff9876aa" name="htmltag">
        <font style="bold"/>
    </fontcolor>
    <fontcolor default="method" name="mod-method">
        <font style="bold"/>
    </fontcolor>
    <fontcolor default="separator" foreColor="white" name="separator"/>
    <fontcolor name="heredocdelimiter"/>
    <fontcolor default="uncovered" name="uncovered"/>
    <fontcolor name="mod-static">
        <font style="italic"/>
    </fontcolor>
    <fontcolor default="covered" name="covered"/>
    <fontcolor foreColor="white" name="variable"/>
    <fontcolor default="comment" name="comment"/>
    <fontcolor default="partial" name="partial"/>
    <fontcolor default="comment" name="commentline"/>
</fontscolors>
